{"cameraMode":{"drawMode":0,"name":"Shaded","section":"Shading Mode"},"sceneLighting":true,"audioPlay":false,"sceneViewState":{"m_AlwaysRefresh":false,"showFog":true,"showSkybox":true,"showFlares":true,"showImageEffects":true,"showParticleSystems":true,"showVisualEffectGraphs":true,"m_FxEnabled":true},"in2DMode":false,"pivot":{"x":30.315771102905275,"y":-352.6839294433594,"z":233.98553466796876},"rotation":{"x":-0.48838376998901369,"y":-0.0006103833438828588,"z":0.0007573759648948908,"w":-0.8724802732467651},"size":251.95050048828126,"orthographic":false}