{"cameraMode":{"drawMode":0,"name":"Shaded","section":"Shading Mode"},"sceneLighting":false,"audioPlay":false,"sceneViewState":{"m_AlwaysRefresh":false,"showFog":true,"showSkybox":false,"showFlares":true,"showImageEffects":true,"showParticleSystems":true,"showVisualEffectGraphs":true,"m_FxEnabled":true},"in2DMode":false,"pivot":{"x":2.58554744720459,"y":1.1111572980880738,"z":14.173821449279786},"rotation":{"x":-0.22359730303287507,"y":-0.26168346405029299,"z":0.06247641146183014,"w":-0.9367821216583252},"size":15.020403861999512,"orthographic":false}